Run #,Total Run Time (s),Avg. run time per iteration (s),Fitness Minimum,Fitness Max,Fitness Range,Fitness Mean,Fitness Median,Fitness Improvement Likelihood %
1,86.93103837966919,0.2897701279322306,19741703.83867768,26677167.169522077,6935463.330844399,21787031.88216022,21109679.015852317,14.666666666666666
2,86.52102184295654,0.2884034061431885,19149553.358241536,26643134.26247611,7493580.904234573,21696547.03704079,20868872.27787784,17.333333333333336
3,86.66113758087158,0.2888704586029053,18975212.382545,26371021.160407852,7395808.777862851,21538128.698465653,20971710.49288897,26.333333333333332
