Run #,Total Run Time (s),Avg. run time per iteration (s),Fitness Minimum,Fitness Max,Fitness Range,Fitness Mean,Fitness Median,Fitness Improvement Likelihood %
1,80.08951354026794,0.2669650451342265,21664873.982251357,27003237.49815514,5338363.515903782,24072917.527413145,24027127.068205327,3.0
2,79.6282548904419,0.265427516301473,21096405.210191663,26531543.65772833,5435138.447536666,23735031.39587207,23870424.805761382,5.0
3,82.22019386291504,0.2740673128763835,22074182.496497937,26700585.76879232,4626403.2722943835,24216633.38414408,24174853.62501881,3.6666666666666665
