Run #,Total Run Time (s),Avg. run time per iteration (s),Fitness Minimum,Fitness Max,Fitness Range,Fitness Mean,Fitness Median,Fitness Improvement Likelihood %
1,265.8860185146332,0.8862867283821106,22626188.605975978,27577266.34395363,4951077.737977654,25062619.11506486,25056328.26187774,0.0
2,277.33883023262024,0.9244627674420675,22872505.73524896,28071017.476366695,5198511.741117734,25046455.87684001,25037995.670301642,0.0
3,293.0290973186493,0.976763657728831,22633179.927043334,27466757.979196582,4833578.052153248,25027862.32650806,25021749.74393173,0.6666666666666667
