Run #,Total Run Time (s),Avg. run time per iteration (s),Fitness Minimum,Fitness Max,Fitness Range,Fitness Mean,Fitness Median,Fitness Improvement Likelihood %
1,87.79556584358215,0.2926518861452738,20118981.089899216,26271793.11102218,6152812.021122966,20923928.550963026,20149356.99695957,12.333333333333334
2,87.66858625411987,0.29222862084706624,19996011.698887948,25749023.609703608,5753011.91081566,20382726.386233427,20123707.795106824,0.6666666666666667
3,86.90659022331238,0.28968863407770795,19996011.698887948,25972674.04549308,5976662.346605133,20333020.683138307,20027154.87395785,0.0
